Method,Name,Error,Occurrences
GET,/api/customer/owners/25,HTTPError('405 Client Error: Method Not Allowed for url: /api/customer/owners/25'),299
GET,/api/customer/owners/21,HTTPError('405 Client Error: Method Not Allowed for url: /api/customer/owners/21'),298
GET,/api/customer/owners/3,HTTPError('405 Client Error: Method Not Allowed for url: /api/customer/owners/3'),280
GET,/api/customer/owners/45,HTTPError('405 Client Error: Method Not Allowed for url: /api/customer/owners/45'),280
GET,/api/customer/owners/38,HTTPError('405 Client Error: Method Not Allowed for url: /api/customer/owners/38'),274
GET,/api/customer/owners,HTTPError('405 Client Error: Method Not Allowed for url: /api/customer/owners'),18847
POST,/api/customer/owners,HTTPError('503 Server Error: Service Unavailable for url: /api/customer/owners'),4626
GET,/api/customer/owners/26,HTTPError('405 Client Error: Method Not Allowed for url: /api/customer/owners/26'),273
GET,/api/customer/owners/37,HTTPError('405 Client Error: Method Not Allowed for url: /api/customer/owners/37'),296
GET,/api/customer/owners/14,HTTPError('405 Client Error: Method Not Allowed for url: /api/customer/owners/14'),264
GET,/api/customer/owners/32,HTTPError('405 Client Error: Method Not Allowed for url: /api/customer/owners/32'),289
GET,/api/customer/owners/41,HTTPError('405 Client Error: Method Not Allowed for url: /api/customer/owners/41'),315
GET,/api/customer/owners/19,HTTPError('405 Client Error: Method Not Allowed for url: /api/customer/owners/19'),284
GET,/api/customer/owners/29,HTTPError('405 Client Error: Method Not Allowed for url: /api/customer/owners/29'),279
GET,/api/customer/owners/27,HTTPError('405 Client Error: Method Not Allowed for url: /api/customer/owners/27'),294
GET,/api/customer/owners/33,HTTPError('405 Client Error: Method Not Allowed for url: /api/customer/owners/33'),324
GET,/api/customer/owners/47,HTTPError('405 Client Error: Method Not Allowed for url: /api/customer/owners/47'),290
GET,/api/customer/owners/36,HTTPError('405 Client Error: Method Not Allowed for url: /api/customer/owners/36'),269
GET,/api/customer/owners/40,HTTPError('405 Client Error: Method Not Allowed for url: /api/customer/owners/40'),294
GET,/api/vet/vets,HTTPError('405 Client Error: Method Not Allowed for url: /api/vet/vets'),9120
GET,/api/customer/owners/13,HTTPError('405 Client Error: Method Not Allowed for url: /api/customer/owners/13'),290
GET,/api/customer/owners/10,HTTPError('405 Client Error: Method Not Allowed for url: /api/customer/owners/10'),276
GET,/api/customer/owners/44,HTTPError('405 Client Error: Method Not Allowed for url: /api/customer/owners/44'),329
GET,/api/customer/owners/28,HTTPError('405 Client Error: Method Not Allowed for url: /api/customer/owners/28'),260
GET,/api/customer/owners/18,HTTPError('405 Client Error: Method Not Allowed for url: /api/customer/owners/18'),297
GET,/api/customer/owners/1,HTTPError('405 Client Error: Method Not Allowed for url: /api/customer/owners/1'),294
GET,/api/customer/owners/34,HTTPError('405 Client Error: Method Not Allowed for url: /api/customer/owners/34'),286
GET,/api/customer/owners/12,HTTPError('405 Client Error: Method Not Allowed for url: /api/customer/owners/12'),279
GET,/api/customer/owners/7,HTTPError('405 Client Error: Method Not Allowed for url: /api/customer/owners/7'),284
GET,/api/customer/owners/35,HTTPError('405 Client Error: Method Not Allowed for url: /api/customer/owners/35'),295
GET,/api/customer/owners/20,HTTPError('405 Client Error: Method Not Allowed for url: /api/customer/owners/20'),299
GET,/api/customer/owners/24,HTTPError('405 Client Error: Method Not Allowed for url: /api/customer/owners/24'),309
GET,/api/customer/owners/17,HTTPError('405 Client Error: Method Not Allowed for url: /api/customer/owners/17'),254
GET,/api/customer/owners/42,HTTPError('405 Client Error: Method Not Allowed for url: /api/customer/owners/42'),294
GET,/api/customer/owners/8,HTTPError('405 Client Error: Method Not Allowed for url: /api/customer/owners/8'),279
GET,/api/customer/owners/43,HTTPError('405 Client Error: Method Not Allowed for url: /api/customer/owners/43'),311
GET,/api/customer/owners/2,HTTPError('405 Client Error: Method Not Allowed for url: /api/customer/owners/2'),304
GET,/api/customer/owners/46,HTTPError('405 Client Error: Method Not Allowed for url: /api/customer/owners/46'),267
GET,/api/customer/owners/48,HTTPError('405 Client Error: Method Not Allowed for url: /api/customer/owners/48'),277
GET,/api/customer/owners/11,HTTPError('405 Client Error: Method Not Allowed for url: /api/customer/owners/11'),264
GET,/api/customer/owners/39,HTTPError('405 Client Error: Method Not Allowed for url: /api/customer/owners/39'),249
GET,/api/customer/owners/49,HTTPError('405 Client Error: Method Not Allowed for url: /api/customer/owners/49'),311
GET,/api/customer/owners/16,HTTPError('405 Client Error: Method Not Allowed for url: /api/customer/owners/16'),290
GET,/api/customer/owners/5,HTTPError('405 Client Error: Method Not Allowed for url: /api/customer/owners/5'),287
GET,/api/customer/owners/31,HTTPError('405 Client Error: Method Not Allowed for url: /api/customer/owners/31'),303
GET,/api/customer/owners/9,HTTPError('405 Client Error: Method Not Allowed for url: /api/customer/owners/9'),277
GET,/api/customer/owners/6,HTTPError('405 Client Error: Method Not Allowed for url: /api/customer/owners/6'),285
GET,/api/customer/owners/15,HTTPError('405 Client Error: Method Not Allowed for url: /api/customer/owners/15'),296
GET,/api/customer/owners/50,HTTPError('405 Client Error: Method Not Allowed for url: /api/customer/owners/50'),271
GET,/api/customer/owners/22,HTTPError('405 Client Error: Method Not Allowed for url: /api/customer/owners/22'),289
GET,/api/customer/owners/4,HTTPError('405 Client Error: Method Not Allowed for url: /api/customer/owners/4'),327
GET,/api/customer/owners/23,HTTPError('405 Client Error: Method Not Allowed for url: /api/customer/owners/23'),271
GET,/api/customer/owners/30,HTTPError('405 Client Error: Method Not Allowed for url: /api/customer/owners/30'),277
